id	first_name	last_name	email	university
1	Rurik	Gryglewski	rgryglewski0@yandex.ru	King College
2	Sena	Dobbin	sdobbin1@webmd.com	Universidade de Alfenas
3	Aymer	Dach	adach2@usda.gov	Gulf University College
4	Ricoriki	Bartolomucci	rbartolomucci3@ucoz.ru	Tribhuvan University Kathmandu
5	Jenn	Loader	jloader4@oaic.gov.au	Military University Shoumen
6	Ardine	Ledgley	aledgley5@zimbio.com	Lancaster Bible College
7	Dinnie	Joynt	djoynt6@prnewswire.com	Madonna University
8	Geno	Byres	gbyres7@abc.net.au	Wilmington College
9	Devlen	Abbey	dabbey8@soup.io	Cheljabinsk University of Agricultural Engineering
10	Erinn	Fintoph	efintoph9@comsenz.com	University of Reading
11	Adria	Milella	amilellaa@symantec.com	University of the South Pacific School of Agriculture
12	Caren	Brookzie	cbrookzieb@cbsnews.com	National University of Rwanda
13	Rosalie	Monckton	rmoncktonc@ibm.com	Taylor University
14	Zondra	Brownsmith	zbrownsmithd@sun.com	Assosa University
15	Danette	Yendle	dyendlee@senate.gov	Jaypee Institute of Information Technology
16	Elliot	Sertin	esertinf@networksolutions.com	Huaqiao University Quanzhuo
17	Aylmer	Fathers	afathersg@narod.ru	Carleton University
18	Sophronia	Dowthwaite	sdowthwaiteh@huffingtonpost.com	Delft University of Technology
19	Shalom	Seson	ssesoni@state.tx.us	Dalian University of Foreign Language
20	Brew	Lumox	blumoxj@nba.com	Delaware Valley College
21	Mannie	Columbine	mcolumbinek@sun.com	Universidad Bellas Artes
22	Ivory	Holdin	iholdinl@yellowpages.com	Birmingham City University
23	Benedikta	Trunks	btrunksm@acquirethisname.com	Wadi International University
24	Celia	Gealy	cgealyn@spiegel.de	Albany Law School
25	Mari	Huchot	mhuchoto@amazon.com	Université de Montréal
26	Dulce	Balderston	dbalderstonp@soundcloud.com	Kyushu Tokai University
27	Sally	Escreet	sescreetq@php.net	Kyoto Tachibana Women's University
28	Valentine	Skala	vskalar@uol.com.br	North Maharashtra University
29	Fred	Kienlein	fkienleins@fda.gov	Napier University
30	Brigham	Young	byoungt@google.fr	Syrian International Private University for Science & Technology
31	Auroora	Novakovic	anovakovicu@imgur.com	Universidad de Costa Rica
32	Chrisse	Amiss	camissv@cocolog-nifty.com	University of Kelaniya
33	Goldarina	Siddens	gsiddensw@howstuffworks.com	North Bengal University
34	Sebastien	Caillou	scailloux@prlog.org	Universidad Marcelino Champagnat
35	Cary	Heaton	cheatony@nhs.uk	Keene State College
36	Kameko	Winward	kwinwardz@unesco.org	Elmhurst College
37	Susan	Monkton	smonkton10@blinklist.com	Kazak State University of Agriculture
38	Barth	Benjafield	bbenjafield11@state.gov	Osaka Shoin Women's College
39	Field	Franciotti	ffranciotti12@hugedomains.com	Hannan University
40	Keelia	Hakonsen	khakonsen13@comsenz.com	Central Saint Martins College of Art & Design
41	Sara	Domesday	sdomesday14@shinystat.com	Kobe Gakuin University
42	Langston	Tille	ltille15@cdc.gov	Victoria University Toronto, University of Toronto
43	Correy	Brient	cbrient16@mapy.cz	Instituto Politecnico do Porto
44	Payton	Beldan	pbeldan17@taobao.com	Higher Institute of Business Administration
45	Marty	Folini	mfolini18@admin.ch	University of Alexandra Dubček in Trenčín
46	Collie	Witherby	cwitherby19@pcworld.com	Zabol University
47	Fidel	Boothe	fboothe1a@slideshare.net	Sugiyama Jogakuen University
48	Fernanda	Bruckental	fbruckental1b@ucsd.edu	Aichi Bunkyo University
49	Davida	Utton	dutton1c@gmpg.org	Universidad Insurgentes Plantel León
50	Candie	Steet	csteet1d@histats.com	Technische Universität Dresden
51	Cedric	Mallon	cmallon1e@cnn.com	Texas Chiropractic College
52	Shena	Paddy	spaddy1f@berkeley.edu	Central America Health Sciences University (Belize Medical College)
53	Tyson	Tassel	ttassel1g@zimbio.com	Polytechnic University of Tirane
54	Debra	Pithcock	dpithcock1h@examiner.com	Universidad Latinoamericana de Ciencia y Tecnología
55	Grayce	Somner	gsomner1i@wikimedia.org	Suzuka International University
56	Emmy	Ratcliff	eratcliff1j@ihg.com	Qom University
57	Archaimbaud	Spofford	aspofford1k@eventbrite.com	De Montfort University Leicester
58	Moore	Iliff	miliff1l@flavors.me	Hardin-Simmons University
59	Nerita	Rabbet	nrabbet1m@issuu.com	The World Islamic Sciences & Education University
60	Brooke	Livett	blivett1n@rediff.com	Universidade Católica de Petrópolis
61	Kahlil	Ferrarone	kferrarone1o@ning.com	Vaal University of Technology
62	Devinne	McKall	dmckall1p@vk.com	National Chung Hsing University, Taichung
63	Blair	Gilgryst	bgilgryst1q@g.co	Baha'i Institute for Higher Education
64	Barrie	Jouanot	bjouanot1r@wikia.com	Universidad Antonio de Nebrija
65	Sarita	Grumbridge	sgrumbridge1s@jigsy.com	Ho Chi Minh City University of Social Sciences and Humanities
66	Yorke	Dargavel	ydargavel1t@technorati.com	Université de Gabès
67	Stern	Monteaux	smonteaux1u@state.tx.us	Nagoya University of Foreign Studies
68	Alexandra	Derisley	aderisley1v@taobao.com	Universidad Católica de Cuyo
69	Lynn	Waldren	lwaldren1w@oakley.com	Universidad Autónoma de Chapingo
70	Binky	Leynham	bleynham1x@mozilla.org	Universitas Katolik Widya Karya
71	Rebeka	Scopham	rscopham1y@apache.org	Siberian Academy of Public Services
72	Arabela	Macewan	amacewan1z@posterous.com	Okinawa Prefectural University of Fine Arts
73	Eda	Woolbrook	ewoolbrook20@ftc.gov	Wawasan Open University
74	Maribelle	Maulkin	mmaulkin21@cisco.com	National Chung Hsing University, Taipei
75	Alano	Konzelmann	akonzelmann22@123-reg.co.uk	Belarussian State University
76	Myrilla	Creus	mcreus23@msu.edu	University of Lausanne
77	Reinwald	Arnout	rarnout24@hp.com	University of Wisconsin - Parkside
78	Lilah	Delmonti	ldelmonti25@naver.com	Evangelische Fachhochschule Freiburg, Hochschule für Soziale Arbeit, Diakonie und Religionspädagogik
79	Ban	Casely	bcasely26@t-online.de	Leeds Metropolitan University
80	Coraline	Culp	cculp27@ycombinator.com	Penang International Dental College
81	Carleton	Sigert	csigert28@surveymonkey.com	University of Western Australia
82	Wallis	Bellham	wbellham29@qq.com	Pennsylvania State University Delaware County
83	Abbott	Pantin	apantin2a@bluehost.com	Mercer University, Cecil B. Day Campus
84	Janka	Minard	jminard2b@reuters.com	Sharif University of Technology
85	Carol-jean	Dowyer	cdowyer2c@go.com	Tama Institute of Management and Information Sciences
86	Giacinta	Joselovitch	gjoselovitch2d@google.com.br	Dillard University
87	Ernaline	Van Zon	evanzon2e@ameblo.jp	Najran University
88	Cara	Basindale	cbasindale2f@scribd.com	West Texas A&M University
89	Mel	Kiellor	mkiellor2g@mac.com	Hubei University
90	Mata	Pendrick	mpendrick2h@ycombinator.com	Institut Catholique d'Arts et Métiers Nantes
91	Gard	Thomson	gthomson2i@histats.com	Thiagarajar College of Engineering
92	Adan	Leyborne	aleyborne2j@netvibes.com	Sogang University
93	Rogerio	Deners	rdeners2k@hc360.com	Postgraduate lnstitute of Medical Education and Research
94	Shela	Simeone	ssimeone2l@google.com.br	Babcock University
95	Blair	Holdron	bholdron2m@sbwire.com	Universidad Católica de Salta
96	Marys	Gibby	mgibby2n@answers.com	Dadabhoy Institute of Higher Education
97	Deane	Grzesiak	dgrzesiak2o@google.com.hk	Sebha University
98	Mella	Boulder	mboulder2p@fotki.com	Akdeniz University
99	Bartholomeus	Antalffy	bantalffy2q@timesonline.co.uk	Wuhan Transportation University
100	Elizabeth	Flips	eflips2r@yahoo.co.jp	Lumbini Buddhist University
101	Saxon	Gerault	sgerault2s@xing.com	Barcelona Graduate School of Economics
102	Sylas	Spary	sspary2t@gravatar.com	University of California, Hastings College of Law
103	Inness	Tuberfield	ituberfield2u@netvibes.com	Universidad de Los Andes
104	Chen	Tether	ctether2v@hugedomains.com	ITT Technical Institute Indianapolis
105	Klement	Hartfleet	khartfleet2w@yahoo.co.jp	Spartan University of Health Sciences
106	Blaine	Watsam	bwatsam2x@yahoo.co.jp	Technological Education Institute of Athens
107	Nicole	Hawking	nhawking2y@buzzfeed.com	University of Tirana
108	Ardis	Treble	atreble2z@smh.com.au	Université Française d'Égypte
109	Stanton	Wincott	swincott30@salon.com	University of Ferrara
110	Peadar	Crenage	pcrenage31@live.com	Universidade Salvador
111	Erl	Bavin	ebavin32@wp.com	Pomor State University
112	Austina	Indgs	aindgs33@g.co	China Pharmaceutical University Nanjing
113	Evangelia	Ingold	eingold34@ibm.com	SRM Institute Of Science & Technology ( Deemed University)
114	Brittni	Neilson	bneilson35@cnet.com	Universitas Katolik Parahyangan
115	Scarlet	Edmand	sedmand36@cocolog-nifty.com	Higashi Nippon International University
116	Corrie	Fruin	cfruin37@artisteer.com	Islamic University of Technology
117	Gray	MacDonald	gmacdonald38@cloudflare.com	University of Asia and the Pacific
118	Alyosha	Gwillim	agwillim39@dagondesign.com	Rocky Mountain College
119	Laney	Dionisii	ldionisii3a@163.com	University of South Carolina
120	Reynold	Hardaway	rhardaway3b@ifeng.com	Kyushu University
121	Michal	Fenners	mfenners3c@soundcloud.com	Beijing University of Science and Technology
122	Becka	Dillistone	bdillistone3d@free.fr	Hiroshima Shudo University
123	Kerrin	Baulch	kbaulch3e@fotki.com	Southern University - Shreveport
124	Gisela	Blankett	gblankett3f@devhub.com	Hariri Canadian University
125	Kittie	Roan	kroan3g@nsw.gov.au	National Aviation Univesity
126	Gallard	McKeurton	gmckeurton3h@accuweather.com	Whitworth College
127	Pietro	Shasnan	pshasnan3i@youku.com	Kostanai State University
128	Winfield	Foyston	wfoyston3j@seattletimes.com	Universidad Nacional de Ucayali
129	Starr	Ramel	sramel3k@uol.com.br	Zhejiang University
130	Madlen	Maunders	mmaunders3l@biglobe.ne.jp	China University of Mining Technology - Beijing
131	Joanna	Flaverty	jflaverty3m@amazon.de	Universidad Técnica de Ambato
132	Pammy	Pizzie	ppizzie3n@eepurl.com	Denver Technical College
133	Gustav	Cashley	gcashley3o@fastcompany.com	University of Science and Culture
134	Terencio	Gaunter	tgaunter3p@netlog.com	Stamford International University
135	Willa	Borrows	wborrows3q@dailymotion.com	British Malaysian Institute
136	Roland	Lardnar	rlardnar3r@canalblog.com	Nicolaus Copernicus University of Torun
137	Gabi	Hinksen	ghinksen3s@ycombinator.com	Islamic Azad University, Yazd
138	Bessy	Dickin	bdickin3t@miibeian.gov.cn	Zhongnan University of Economics and Law
139	Darin	Hassell	dhassell3u@japanpost.jp	Western Galilee College
140	Parke	Witherup	pwitherup3v@diigo.com	University of Debrecen 
141	Leta	Keates	lkeates3w@xinhuanet.com	Seigakuin University
142	Tobey	Meeron	tmeeron3x@vistaprint.com	Universitas Islam Bandung
143	Robinia	Western	rwestern3y@smugmug.com	National University of Music
144	Jerrilyn	Houltham	jhoultham3z@nationalgeographic.com	Universidad José Maria Vargas
145	Aleta	Whelpdale	awhelpdale40@cloudflare.com	Escuela Superior Politécnica del Litoral
146	Amalle	Cordie	acordie41@4shared.com	Karunya Institute Of Technology ( Deemed University)
147	Sarina	Tassell	stassell42@netlog.com	Xijiang University
148	Paula	Smouten	psmouten43@usatoday.com	Irbid National University
149	Bellanca	Manoelli	bmanoelli44@github.com	Dire Dawa University
150	Leshia	Delafont	ldelafont45@yolasite.com	Perak Islamic College
151	Theresita	Silson	tsilson46@umich.edu	Dordt College
152	Deeanne	Shepton	dshepton47@pagesperso-orange.fr	Togliatti State University
153	Frayda	Scampion	fscampion48@squidoo.com	Ecole Nationale Supérieure des Arts et Industries de Strasbourg
154	Arch	Brager	abrager49@springer.com	Universidad San Pablo
155	Rhoda	Vedmore	rvedmore4a@google.pl	Tamil Nadu Veterinary and Animal Sciences University
156	Ebeneser	Lawton	elawton4b@nature.com	Universitas Mahendradatta
157	Ebba	Dungey	edungey4c@drupal.org	Universidad de Aconcagua
158	Geno	Mattedi	gmattedi4d@boston.com	Milligan College
159	Garnet	Jauncey	gjauncey4e@noaa.gov	Vardhaman Mahaveer Open University
160	Nari	Slaight	nslaight4f@theguardian.com	Romanian-American University
161	Modesty	Colnett	mcolnett4g@prweb.com	Technische Fachhochschule Berlin
162	Mervin	Rodolico	mrodolico4h@webnode.com	Dumlupinar University
163	Sybil	Kik	skik4i@imdb.com	Palacky University
164	Nicoline	Asch	nasch4j@rediff.com	University of Nottingham
165	Gilburt	Yetton	gyetton4k@cbsnews.com	University of Education Hradec Kralove
166	Dina	Gutman	dgutman4l@ca.gov	Guangzhou University of Traditional Chinese Medicine
167	Kelsy	Rickaert	krickaert4m@apple.com	University of Connecticut at Avery Point
168	Darlene	Worthington	dworthington4n@uiuc.edu	Free University Amsterdam
169	Barnaby	Cruwys	bcruwys4o@vinaora.com	Escuela Superiore de Administración Pública
170	Madalena	Haugen	mhaugen4p@vinaora.com	Universidad Nacional Agraria de la Selva
171	Poppy	Treharne	ptreharne4q@rakuten.co.jp	Illinois Wesleyan University
172	Sherry	Nannoni	snannoni4r@skyrock.com	Wesleyan University Philippines
173	Cris	Tawse	ctawse4s@imgur.com	Setsunan University
174	Mair	Thow	mthow4t@example.com	West Virginia University Institute of Technology
175	Alicia	Leverson	aleverson4u@51.la	Agriculture and Forestry University
176	Ingra	Chadburn	ichadburn4v@digg.com	Arizona State University, Downtown Phoenix Campus
177	Chancey	Nisuis	cnisuis4w@usda.gov	Cardinal Stefan Wyszynski University in Warsaw
178	Consolata	Gilman	cgilman4x@deviantart.com	Mozyr State Pedagogical Institute
179	Calida	Merrell	cmerrell4y@opera.com	Takoradi Polytechnic 
180	Natty	Ainscow	nainscow4z@psu.edu	University of California, Hastings College of Law
181	Conrado	Colquyte	ccolquyte50@uol.com.br	The Federal Polytechnic Offa
182	Franky	Granger	fgranger51@nature.com	National Institute of Technology, Warangal
183	Ange	Stoakley	astoakley52@tripod.com	University of Trnava
184	Letitia	Da Costa	ldacosta53@princeton.edu	Universidad Técnica de Machala
185	Kendricks	Merida	kmerida54@eepurl.com	Sheffield Hallam University
186	Vernice	Gillson	vgillson55@pen.io	University of Lodz
187	Sybilla	Ettery	settery56@desdev.cn	Universidade Cruzeiro do Sul
188	Joachim	Todd	jtodd57@networkadvertising.org	College of Dunaujvaros
189	Nicky	Sisselot	nsisselot58@histats.com	Deutsch-Ordens Fachhochschule Riedlingen, Hochschule für Wirtschaft
190	Richardo	Rau	rrau59@ebay.com	University of the Air
191	Brendin	Macauley	bmacauley5a@cisco.com	University of Mindanao
192	Derby	Wagstaff	dwagstaff5b@gov.uk	St. Petersburg State University of Economics and Finance
193	Brew	Denys	bdenys5c@yahoo.co.jp	China Three Gorges University
194	Claudell	Denzey	cdenzey5d@apache.org	West Suburban College of Nursing
195	Leona	Kepp	lkepp5e@arstechnica.com	National Yunlin University of Science and Technology
196	Yvon	Dell	ydell5f@nymag.com	Rajarata University of Sri Lanka
197	Fanchon	Windram	fwindram5g@yolasite.com	University of Calcutta
198	Zaneta	Tarr	ztarr5h@yandex.ru	Universidad Nacional de Tumbes
199	Corella	Tybalt	ctybalt5i@desdev.cn	South Dakota State University
200	Milli	Hallward	mhallward5j@army.mil	Global University
201	Vinita	Bartalin	vbartalin5k@macromedia.com	Universiti Pendidikan Sultan Idris
202	Lacy	Dyshart	ldyshart5l@noaa.gov	Design Institute of San Diego
203	Pail	McColgan	pmccolgan5m@acquirethisname.com	Kakatiya University
204	Rosemary	Treadgall	rtreadgall5n@twitpic.com	"Bourgas University ""Prof. Assen Zlatarov"""
205	Aylmer	Eland	aeland5o@sbwire.com	Tennessee Technological University
206	Cherri	Ullrich	cullrich5p@ameblo.jp	University of Leicester
207	Willow	Statersfield	wstatersfield5q@skyrock.com	Universitas Muhammadiyah Magelang
208	Zelig	Angus	zangus5r@census.gov	Doshisha University
209	Darleen	Klamp	dklamp5s@example.com	University of Bohol
210	Hannis	Lauder	hlauder5t@washington.edu	Kokugakuin University
211	Abba	Tinsey	atinsey5u@multiply.com	Western University
212	Blake	Pluck	bpluck5v@dion.ne.jp	Universidad de Lima
213	Kelly	Hugonneau	khugonneau5w@cpanel.net	CollegeAmerica, Phoenix
214	Marve	Leggatt	mleggatt5x@vistaprint.com	University of Pittsburgh at Bradford
215	Sunny	Andriuzzi	sandriuzzi5y@deliciousdays.com	Universidad Nacional Experimental Romulo Gallegos
216	Britney	Newvell	bnewvell5z@dot.gov	Himachal Pradesh Agricultural University
217	Holt	Duggon	hduggon60@dot.gov	Skyline University College, Sharjah
218	Renate	Cowthart	rcowthart61@umn.edu	Louisiana State University Health Sciences Center New Orleans
219	Smith	Castledine	scastledine62@miitbeian.gov.cn	University of Osijek
220	Cacilie	Peschka	cpeschka63@domainmarket.com	Takhar University
221	Wye	Rydings	wrydings64@netlog.com	Prague Institute of Chemical Technology
222	Lou	Cakes	lcakes65@pagesperso-orange.fr	Theatre Academy Finland
223	Adolf	Mungin	amungin66@wikimedia.org	St. Joseph's College New York, Suffolk Campus
224	Meghan	Mussolini	mmussolini67@taobao.com	Kyorin University
225	Tristam	Hugonneau	thugonneau68@fc2.com	Universidad Motolinía del Pedegral
226	Leupold	Beattie	lbeattie69@tuttocitta.it	American University of Science and Technology
227	Trey	Pattison	tpattison6a@forbes.com	Unity  University
228	Ezequiel	Henrique	ehenrique6b@weibo.com	Universidade Federal do Rio de Janeiro
229	Athena	Davitt	adavitt6c@simplemachines.org	Florida Institute of Technology
230	Erskine	Foltin	efoltin6d@noaa.gov	Kuban State University of Agriculture
231	Oralla	Atthowe	oatthowe6e@engadget.com	Wakkanai Hokusei Gakuen University
232	Kleon	Kember	kkember6f@list-manage.com	Lawrence Technological University
233	Orella	Harold	oharold6g@google.ru	Pennsylvania State University - Abington
234	Terra	Greenalf	tgreenalf6h@twitpic.com	Shahrood University of Technology
235	Fonsie	Janes	fjanes6i@chicagotribune.com	Ecole Polytechnique Universitaire de Lille
236	Aldin	Fahy	afahy6j@si.edu	Universidade Federal de São Carlos
237	Geri	Hupka	ghupka6k@surveymonkey.com	Ryszard Lazarski University of Commerce and Law in Warsaw
238	Zora	Valenti	zvalenti6l@ameblo.jp	Université du Québec à Montréal
239	Adelle	Rockcliffe	arockcliffe6m@github.com	Universidade de Coimbra
240	Connor	Hatchett	chatchett6n@theglobeandmail.com	Princess Nora Bint Abdulrahman University
241	Timmie	Edgeon	tedgeon6o@skype.com	Universidad Católica del Norte
242	Rich	Buncom	rbuncom6p@ebay.com	Armstrong Atlantic State University
243	Costanza	Kermath	ckermath6q@nsw.gov.au	Norwegian University of Science and Technology
244	Ariel	Iamittii	aiamittii6r@domainmarket.com	Faisalabad Institute of Textile and Fashion Design
245	Walsh	Christmas	wchristmas6s@cloudflare.com	Gulu University
246	Nedi	Hayth	nhayth6t@jalbum.net	Technological University (Mandalay)
247	Carly	O'Corr	cocorr6u@prweb.com	Langara College
248	Mathias	Muckart	mmuckart6v@ebay.co.uk	Christ University
249	Ase	Stienham	astienham6w@theatlantic.com	Okanagan University College
250	Tait	Goldsmith	tgoldsmith6x@cyberchimps.com	St. Joseph's College New York, Suffolk Campus
251	Billy	Hartless	bhartless6y@squidoo.com	Universidade do Oeste Paulista
252	Raffaello	Burnsall	rburnsall6z@rediff.com	Universidad Francisco de Paula Santander
253	Elane	Boake	eboake70@technorati.com	Universidad CES
254	Kaye	Fuzzey	kfuzzey71@rakuten.co.jp	Sekolah Tinggi Akuntansi Negara (STAN)
255	Anastassia	Ludlow	aludlow72@fotki.com	Universidad Surcolombiana
256	Dar	Lowrie	dlowrie73@vimeo.com	University of Transport and Communications
257	Maura	Kees	mkees74@ted.com	Universidad de Ciencias y Humanidades
258	Kizzie	O'Dea	kodea75@tamu.edu	South China Agricultural University
259	Lucias	Stores	lstores76@epa.gov	International School of Business Management
260	Nappie	Ashwell	nashwell77@hud.gov	Deutsche Hochschule für Verwaltungswissenschaften Speyer
261	Grenville	Scanlon	gscanlon78@dyndns.org	University of Messina
262	Theobald	Cranke	tcranke79@prnewswire.com	Zhejiang Sci-Tech University 
263	Tamarra	Voss	tvoss7a@unblog.fr	Harvard University
264	Cherilynn	Leebeter	cleebeter7b@google.co.jp	Oklahoma City University
265	Tildi	Udey	tudey7c@sitemeter.com	Liaoning Technical University
266	Syd	Degnen	sdegnen7d@cmu.edu	St. Petersburg State Forest-Technical Academy
267	Orville	Beevors	obeevors7e@bbc.co.uk	Hilbert College
268	Janeczka	Cloute	jcloute7f@blogs.com	Universidad de Guadalajara
269	Elle	Easson	eeasson7g@mapy.cz	DeVry Institute of Technology, Kansas City
270	Eberhard	Lindstedt	elindstedt7h@amazon.de	Université d'Oran Es-Senia
271	Kylila	Washtell	kwashtell7i@bizjournals.com	Kwan Dong University
272	Liane	Scibsey	lscibsey7j@dmoz.org	Bogor Agricultural University
273	Marilin	Bulfit	mbulfit7k@hc360.com	National Kaohsiung University of Applied Sciences
274	Jewelle	Mastrantone	jmastrantone7l@foxnews.com	Balamand University
275	Talia	Matysiak	tmatysiak7m@pcworld.com	Université Catholique de Lille
276	Zuzana	Harbison	zharbison7n@wired.com	Royal Danish Academy of Fine Arts, School of Architecture
277	Stephani	Saffen	ssaffen7o@opera.com	Universitas Bhayangkara Surabaya
278	Ruthe	Haddick	rhaddick7p@mediafire.com	Boston University
279	Galven	Emtage	gemtage7q@123-reg.co.uk	Foundation University
280	Natasha	Slimme	nslimme7r@nba.com	Universität Linz
281	Nydia	Mort	nmort7s@webs.com	Kendall College
282	Kesley	Walder	kwalder7t@paginegialle.it	Iniciativa Universidad del Atlantico
283	Evelyn	Glencross	eglencross7u@netscape.com	Ave Maria University
284	Annabela	Farron	afarron7v@ezinearticles.com	Birmingham City University
285	Dulcine	Foulstone	dfoulstone7w@ifeng.com	Al-Bukhari International University
286	Steffen	Zarb	szarb7x@w3.org	Danish University of Education
287	Amye	Gilardengo	agilardengo7y@ucoz.com	University of Perpetual Help, System Dalta
288	Birk	Waddoups	bwaddoups7z@ezinearticles.com	Hiroshima Kokusai Gakuin University
289	Gray	Tremontana	gtremontana80@time.com	University of Birmingham
290	Vernor	Claypole	vclaypole81@ucoz.ru	Amirkabir University of Technology
291	Chantalle	Dumbelton	cdumbelton82@prweb.com	Fudan University
292	Farr	Pritchitt	fpritchitt83@eventbrite.com	Gonzaga University
293	Hamel	Gunner	hgunner84@spotify.com	Petro Mohyla Black Sea State University
294	Ivie	McLardie	imclardie85@acquirethisname.com	Charles Darwin University
295	Cointon	Pauler	cpauler86@hp.com	Pontificia Universidad Católica Madre y Maestra (PUCMM)
296	Aridatha	Mattsson	amattsson87@shinystat.com	National Technological University
297	Ernestine	Sante	esante88@dedecms.com	Universidad Andina del Cusco
298	Lizzy	Roocroft	lroocroft89@tripadvisor.com	University of Tartu
299	Shelby	Odo	sodo8a@soup.io	Fahad Bin Sultan University
300	Vonnie	Severy	vsevery8b@google.com	Odlar Yurdu University
301	Mandy	Lynde	mlynde8c@tinyurl.com	Ateneo de Davao University
302	Babita	Martensen	bmartensen8d@google.de	Igbinedion University
303	Stepha	Sleet	ssleet8e@a8.net	Ecole Supérieure d'Informatique-Electronique-Automatique
304	Donna	Kinnon	dkinnon8f@disqus.com	Universidad del Pacífico
305	Tiffi	Hawksley	thawksley8g@zimbio.com	Gokhale Institute of Politics and Economics
306	Warren	Brislane	wbrislane8h@amazon.co.jp	Izmir Institute of Technology
307	Zorine	Gobat	zgobat8i@delicious.com	St. Bernard's Institute
308	Joellen	Woffenden	jwoffenden8j@mozilla.org	Xi'an Academy of Fine Art
309	Aloise	Scranny	ascranny8k@cnet.com	University of Dammam
310	Brear	Dunley	bdunley8l@ow.ly	John Paul the Great Catholic University
311	Kristin	Kemmis	kkemmis8m@edublogs.org	Rhodes College
312	Lonnard	O'Noland	lonoland8n@nydailynews.com	Universitas Darma Persada
313	Christian	Janoschek	cjanoschek8o@comsenz.com	New Jersey City University
314	Timoteo	Podd	tpodd8p@tinyurl.com	Bellarmine College
315	Nessi	Loblie	nloblie8q@ibm.com	American University of the Caribbean
316	Goraud	Sandercroft	gsandercroft8r@nyu.edu	Hogeschool Utrecht
317	Piggy	Lints	plints8s@parallels.com	Belarussian State Medical University
318	Abbott	Hansana	ahansana8t@epa.gov	Hood College
319	Marshall	MacCahey	mmaccahey8u@constantcontact.com	University of Central Florida
320	Patrica	Obeney	pobeney8v@paginegialle.it	University of Agriculture and Veterinary Medicine Cluj-Napoca
321	Leon	Genders	lgenders8w@csmonitor.com	International Ataturk Alatoo University
322	Des	Heisham	dheisham8x@microsoft.com	Awadhesh Pratap Singh University
323	Farrah	Curds	fcurds8y@ftc.gov	Maria Grzegorzewska College for Special Education
324	Emmott	Benbough	ebenbough8z@springer.com	Postgraduate lnstitute of Medical Education and Research
325	Levi	Trodden	ltrodden90@weather.com	TaTung University 
326	Mady	Clampin	mclampin91@japanpost.jp	Mzuzu University
327	Yetta	Ashfold	yashfold92@sogou.com	BGC Trust University, Bangladesh
328	Aeriell	Dalloway	adalloway93@feedburner.com	Sugiyama Jogakuen University
329	Christie	Brandli	cbrandli94@admin.ch	University of Alaska - Fairbanks
330	Brandy	Screas	bscreas95@phpbb.com	Universidade Federal de Santa Catarina
331	Benedetto	McKinn	bmckinn96@eventbrite.com	Menlo College
332	Fons	Bricknall	fbricknall97@yellowpages.com	Norwegian College of Veterinary Medicine
333	Filia	Leisk	fleisk98@woothemes.com	University of Peradeniya
334	Alyse	Laherty	alaherty99@cmu.edu	Christ University
335	Hartwell	Sylvaine	hsylvaine9a@ucoz.ru	St. Bernard's Institute
336	Kinnie	Westoll	kwestoll9b@adobe.com	John Paul the Great Catholic University
337	Jannel	Matas	jmatas9c@zimbio.com	University of Nevada - Las Vegas
338	Anthea	Cameron	acameron9d@i2i.jp	Institut National Polytechnique de Grenoble
339	Angelina	Alflat	aalflat9e@zdnet.com	Iasar University
340	Evania	Merriman	emerriman9f@tuttocitta.it	Antioch University Los Angeles
341	Freddy	Standbridge	fstandbridge9g@gmpg.org	Universidad de San José
342	Delainey	Ferrieri	dferrieri9h@i2i.jp	Kokugakuin University
343	Renata	Dagnall	rdagnall9i@oakley.com	International Turkmen Turkish University
344	Abrahan	Stroban	astroban9j@naver.com	Ferghana Politechnical Institute
345	Shirline	Hembrow	shembrow9k@ucoz.ru	Sultan Ahmad Shah Islamic College
346	Mercedes	Sobtka	msobtka9l@alibaba.com	Universidad Surcolombiana
347	Oby	Dibble	odibble9m@hexun.com	Jawzjan University
348	Madalyn	Lorey	mlorey9n@msn.com	Guangxi University for Nationalities
349	Valentin	Jordan	vjordan9o@artisteer.com	James Madison University
350	Elga	Erangy	eerangy9p@bizjournals.com	Virginia Polytechnic Institute and State University (Virginia Tech)
351	Kaitlyn	Maunton	kmaunton9q@webnode.com	Andrews University
352	Enrica	Rolf	erolf9r@jugem.jp	Wilberforce University
353	Dotti	Janjusevic	djanjusevic9s@sitemeter.com	University of Trieste
354	Auria	Wain	awain9t@so-net.ne.jp	Sultan Azlan Shah Polytechnic 
355	Sari	Cawte	scawte9u@myspace.com	Kyrgyz National University
356	Corinne	Barajas	cbarajas9v@diigo.com	Andon College - Modesto
357	Conrado	Blagburn	cblagburn9w@elegantthemes.com	University of Southern Mindanao
358	Lorenza	Goddard	lgoddard9x@google.de	Bangabandhu Sheikh Mujibur Rahman Agricultural University
359	Lexie	Adan	ladan9y@globo.com	Rust College
360	Bellina	Yankishin	byankishin9z@bloomberg.com	Technological University (Sittwe)
361	Paulie	Algate	palgatea0@spiegel.de	Universiti Kuala Lumpur
362	Yolande	McVaugh	ymcvaugha1@nsw.gov.au	Art Institute of Southern California
363	Constantine	Giller	cgillera2@yelp.com	Telugu University
364	Suzann	Rings	sringsa3@networksolutions.com	University of Nebraska (System)
365	Monty	Bowen	mbowena4@ucla.edu	Uniformed Services Universty of the Health Sciences
366	Faith	Mulrooney	fmulrooneya5@ucla.edu	Howard Payne University
367	Franzen	Allsupp	fallsuppa6@sohu.com	Kyoto Pharmaceutical University
368	Hester	Widger	hwidgera7@blogtalkradio.com	Universidad Católica de Cuyo
369	Merci	Cordrey	mcordreya8@exblog.jp	Universidad de Chile
370	Pepita	Tyrer	ptyrera9@blogs.com	Université Michel de Montaigne (Bordeaux III )
371	Delora	Stiebler	dstiebleraa@smh.com.au	Universität der Bundeswehr München
372	Karyn	Dows	kdowsab@harvard.edu	Hebei Agricultural University
373	Hilary	Dumberell	hdumberellac@dot.gov	Pennsylvania College of Optometry
374	Elysha	Kearton	ekeartonad@posterous.com	"University of Gjirokstra ""Eqerem Cabej"""
375	Rudolph	Van der Krui	rvanderkruiae@nih.gov	University of Venda
376	Richard	Morrice	rmorriceaf@sbwire.com	National Aviation Academy
377	Alejandrina	Mitten	amittenag@mlb.com	Mohammad Ali Jinnah University
378	Barby	Bloxam	bbloxamah@1688.com	University of North Alabama
379	Shelley	Vanelli	svanelliai@nba.com	Private Fachhochschule für Wirtschaft und Technik Vechta/Diepholz
380	Ginelle	Daunter	gdaunteraj@marriott.com	University of Colorado at Denver
381	Addie	Seton	asetonak@lulu.com	Kanda University of International Studies
382	Emilie	Yoxall	eyoxallal@statcounter.com	Calvin College
383	Geoffry	Brolly	gbrollyam@infoseek.co.jp	Universidad Nacional Agraria
384	Ursula	Athy	uathyan@technorati.com	Universidade Estadual de Maringá
385	Mac	Child	mchildao@japanpost.jp	University of Constanta Medical School
386	Jacqui	Bastable	jbastableap@yolasite.com	University of Insurance and Banking in Warsaw
387	Lyda	O'Keenan	lokeenanaq@tiny.cc	University of Oradea
388	Ellie	Upham	euphamar@hc360.com	Letourneau University
389	Batsheva	Andreassen	bandreassenas@blinklist.com	Smolensk Humanitarian University
390	Iona	Beardwell	ibeardwellat@uiuc.edu	Universidade Federal do Rio Grande do Norte
391	Adolf	Silvester	asilvesterau@ebay.co.uk	Samarkand State University
392	Dorolice	Ayerst	dayerstav@sogou.com	University of Tuzla
393	Lavinia	Manson	lmansonaw@va.gov	Japan Women's University
394	Cornell	Pley	cpleyax@i2i.jp	Pädagogische Hochschule Weingarten
395	West	Lanaway	wlanawayay@tamu.edu	Soka University
396	Aldrich	Pinwell	apinwellaz@amazon.de	Saint Paul University
397	Ludovika	Jocic	ljocicb0@yolasite.com	Polytechnic Institute of Milan
398	Kippy	Klosterman	kklostermanb1@nbcnews.com	Curtin University of Technology
399	Kaitlynn	Macilhench	kmacilhenchb2@examiner.com	Siberian State University of Telecommunications and Informatics
400	Thomasin	Bruyet	tbruyetb3@huffingtonpost.com	Misamis University
401	Bibbie	Stuther	bstutherb4@biblegateway.com	University of Colorado at Colorado Springs
402	Tracy	Burdus	tburdusb5@google.com.br	Kirkwood Community College
403	Doti	Fick	dfickb6@mlb.com	Zambian Open University
404	Happy	Tilliards	htilliardsb7@discovery.com	LSB College
405	Bartholemy	Saile	bsaileb8@nymag.com	University of Alexandra Dubček in Trenčín
406	Jonathan	Castanos	jcastanosb9@ox.ac.uk	Saito College
407	Vladimir	Bennet	vbennetba@list-manage.com	Louisiana State University in Shreveport
408	Bobina	Wrighton	bwrightonbb@yellowbook.com	North Central Bible College
409	Graeme	Pavlenkov	gpavlenkovbc@vkontakte.ru	Southwestern College Kansas
410	Thorin	Brierly	tbrierlybd@freewebs.com	South Valley University
411	Rodney	Carn	rcarnbe@ftc.gov	Universidad Nacional del Centro de la Provincia de Buenos Aires
412	Quintus	Drewell	qdrewellbf@nifty.com	University of Roorkee
413	Cortie	Corbishley	ccorbishleybg@google.com.br	Gunma Prefectural Women's University
414	Sapphire	Dwight	sdwightbh@google.ru	St. Mary-of-the-Woods College
415	Kaela	Parmer	kparmerbi@smugmug.com	Trinity College Connecticut
416	Fidelity	Cottee	fcotteebj@godaddy.com	Universidad Iberoamericana de Ciencia y Tecnologia
417	Basia	Creer	bcreerbk@istockphoto.com	Otterbein College
418	Walther	Ivens	wivensbl@noaa.gov	Universidad Tecnológica de México
419	Brooks	Sellwood	bsellwoodbm@amazon.co.uk	Pacific Northwest College of Art
420	Eula	Giorgini	egiorginibn@last.fm	Mendeleev Russian University of Chemical Technology
421	Fields	Calender	fcalenderbo@xing.com	University of North America
422	Nobie	Judge	njudgebp@utexas.edu	Merlimau Polytechnic
423	Killy	Iannetti	kiannettibq@tripadvisor.com	Yugra State University
424	Justen	Rowbottam	jrowbottambr@ovh.net	Lutheran School Of Theology In Aarhus
425	Ezechiel	Adamov	eadamovbs@state.tx.us	International University for Graduate Studies
426	Devan	Geck	dgeckbt@studiopress.com	Universidade Estadual de Campinas
427	Odey	Gavrielly	ogavriellybu@merriam-webster.com	Moscow State Institute of Radiotechnics, Electronics and Automation (Technical University)
428	Fonzie	Zupa	fzupabv@alibaba.com	Universidad de Antioquía
429	Winfred	Darree	wdarreebw@amazon.co.uk	Mid-Sweden University
430	Birch	Sharratt	bsharrattbx@bing.com	Spertus Institute of Jewish Studies
431	Giuditta	Beney	gbeneyby@epa.gov	Institute of Teachers Education, Tengku Ampuan Afzan
432	Clemence	Perrett	cperrettbz@apple.com	L.N. Gumilyov Eurasian National University
433	Moshe	MacCumeskey	mmaccumeskeyc0@canalblog.com	National Medical University O.O. Bogomolets
434	Lita	Dillon	ldillonc1@arizona.edu	Université de Lomé
435	Chantal	Larway	clarwayc2@slideshare.net	Slippery Rock University
436	Toby	Flaunders	tflaundersc3@addtoany.com	Augustana University College
437	Gregorio	Brownsea	gbrownseac4@blog.com	"Universidad Autónoma Agraria ""Antonio Narro"""
438	Andonis	Darlison	adarlisonc5@mysql.com	University of Groningen
439	Anne	Beacroft	abeacroftc6@angelfire.com	Universidad de La Salle
440	Kippar	Fillingham	kfillinghamc7@fotki.com	Okanagan University College
441	Dorree	McCall	dmccallc8@army.mil	The Dickinson School of Law
442	Solly	Winspear	swinspearc9@state.gov	Beijing Foreign Studies University
443	Darla	Dagg	ddaggca@tamu.edu	Rizal Technological University
444	Eartha	Lambarth	elambarthcb@icio.us	University of Rio Grande
445	Nicolle	Kauffman	nkauffmancc@fotki.com	Universidad del Sagrado Corazon
446	Fonsie	Dongles	fdonglescd@reddit.com	Weill Medical College of Cornell University
447	Christiana	Patman	cpatmance@cdc.gov	Université du Maine
448	Elmo	Comello	ecomellocf@java.com	Amber University
449	Dur	Shapcott	dshapcottcg@cmu.edu	Oklahoma City University
450	Kiele	Very	kverych@wisc.edu	Debrecen University of Agricultural Sciences
451	Avery	Pantone	apantoneci@cam.ac.uk	Universidad de Montevideo
452	Lindy	Fairebrother	lfairebrothercj@devhub.com	Instituto de Estudios Superiores de la Sierra
453	Brucie	Bowater	bbowaterck@craigslist.org	Fundación Universitaria Luis Amigó
454	Romonda	Plaunch	rplaunchcl@ca.gov	Jawaharlal Nehru Technological University
455	Theo	Mallindine	tmallindinecm@discuz.net	Higher Technological Institute
456	Ella	Midson	emidsoncn@rediff.com	Fiji School of Medicine
457	Catherina	Collop	ccollopco@prweb.com	Mongolian State University of Arts and Culture
458	Inessa	Armatys	iarmatyscp@google.cn	Beijing International Studies University
459	Tedmund	Leyman	tleymancq@army.mil	Universidad de Concepción del Uruguay
460	Amerigo	Outhwaite	aouthwaitecr@un.org	University of Science and Arts of Oklahoma
461	Emmy	O'Cullinane	eocullinanecs@cmu.edu	Tarim University
462	Blondy	Galey	bgaleyct@europa.eu	United Business Institute
463	Geordie	Bellham	gbellhamcu@bbb.org	Linton University College
464	Valerye	Gianulli	vgianullicv@paypal.com	Kendall College
465	Theadora	Ireland	tirelandcw@google.es	University of Nova Gorica
466	Lorette	Sponton	lspontoncx@mayoclinic.com	Free University (Virginia Theological University)
467	Jobyna	Plom	jplomcy@rambler.ru	Misr University for Sience and Technology
468	Elisha	Gudgeon	egudgeoncz@google.co.uk	Mary Washington College
469	Jaynell	Lowle	jlowled0@mozilla.com	FPT University
470	Frankie	Milne	fmilned1@businesswire.com	San Francisco Conservatory of Music
471	Leesa	Rummery	lrummeryd2@geocities.jp	Aga Khan University
472	Leese	Hudspeth	lhudspethd3@oracle.com	Universidad Central de Bayamón
473	Quincey	Askwith	qaskwithd4@kickstarter.com	Bar-Ilan University
474	Patten	Lembke	plembked5@jimdo.com	Technological University (Taungoo)
475	Constanta	Doble	cdobled6@nydailynews.com	International Colleges of Islamic Science
476	Barnaby	Mingard	bmingardd7@surveymonkey.com	Mohammad Ali Jinnah University, Karachi
477	Gabie	Gurge	ggurged8@google.com	Universitat Oberta de Catalunya
478	Tomkin	Hanny	thannyd9@cam.ac.uk	Universidad del Bío-Bío
479	Kristen	Haxbie	khaxbieda@time.com	University of Kansas
480	Babbie	Crafter	bcrafterdb@baidu.com	Medical College of Wisconsin
481	Alex	Prendergast	aprendergastdc@wp.com	Quincy University
482	Blondelle	Hanne	bhannedd@slideshare.net	Modern Acadmy
483	Guenna	Coakley	gcoakleyde@pagesperso-orange.fr	Florida Metropolitan University, Tampa College Brandon
484	Nerte	Antrim	nantrimdf@ehow.com	Vermont Technical College
485	Kean	MacIver	kmaciverdg@loc.gov	Institut d'Agriculture, de Technologie et d'Education de Kibungo
486	Arleen	Seeds	aseedsdh@photobucket.com	Université de Guelma
487	Roch	Di Ruggero	rdiruggerodi@chron.com	Politécnico Grancolombiano - Institución Universitaria
488	Lynnell	Broxup	lbroxupdj@over-blog.com	Theologische Fakultät Paderborn
489	Winston	Abbess	wabbessdk@fotki.com	Michigan School of Professional Psychology
490	Jozef	Wilshin	jwilshindl@yellowbook.com	Universidade Federal de São Carlos
491	Ardine	Lambourn	alambourndm@cisco.com	Pontifícia Universidade Católica de Minas Gerais
492	Abagail	Tucker	atuckerdn@google.es	Riara University School of Business and Law
493	Dominique	Giovannacci	dgiovannaccido@phoca.cz	Taejon University
494	Ros	MacAfee	rmacafeedp@ucla.edu	Nagano University
495	Shaw	Spur	sspurdq@aboutads.info	Nayanova University
496	Moe	Matchett	mmatchettdr@dedecms.com	Shenyang University
497	Abbie	Birtchnell	abirtchnellds@geocities.com	Agricultural University of Warsaw
498	Korney	Thickens	kthickensdt@economist.com	University of Pitesti
499	Harriott	Walter	hwalterdu@prnewswire.com	University of World Economy and Diplomacy
500	Care	Hitchens	chitchensdv@acquirethisname.com	Griffith College
501	Philbert	Milburn	pmilburndw@vk.com	University of Music and Fine Arts
502	Leland	Paunsford	lpaunsforddx@last.fm	Loughborough University
503	Tobie	Randales	trandalesdy@weebly.com	Texas Tech University Health Science Center
504	Axel	Vaadeland	avaadelanddz@mtv.com	Fiji School of Medicine
505	Anetta	Binks	abinkse0@shinystat.com	Vietnam National University Hanoi
506	Fulvia	Butters	fbutterse1@cpanel.net	Universidad Amazonica de Pando
507	Oliver	Straun	ostraune2@moonfruit.com	Global University
508	Betty	Tytler	btytlere3@illinois.edu	American Public University
509	Callie	Hauch	chauche4@yolasite.com	Clemson University
510	Brande	Rainsbury	brainsburye5@netlog.com	Wuhan Automobile Polytechnical University
511	Carmina	Vescovo	cvescovoe6@who.int	Merkur Internationale FH Karlsruhe
512	Zara	Feveryear	zfeveryeare7@1und1.de	New England School of Art and Design
513	Kerstin	Caley	kcaleye8@seesaa.net	Hendrix College
514	Audrey	Nystrom	anystrome9@myspace.com	Nagaland University
515	Rudiger	Mellor	rmellorea@reverbnation.com	Universitat de les Illes Balears
516	Storm	Cush	scusheb@histats.com	Arab Academy for Science & Technology
517	Corney	Leedes	cleedesec@sohu.com	Universidad de Caldas
518	Maggi	Monkeman	mmonkemaned@xinhuanet.com	Pabna University of Science and Technology
519	Leann	Carette	lcaretteee@list-manage.com	Takamatsu University
520	Alasteir	Degue	adegueef@statcounter.com	Minia University
521	Richy	Dudmarsh	rdudmarsheg@aol.com	Baptist Bible College of Pennsylvania
522	Aristotle	Goldberg	agoldbergeh@quantcast.com	Assam University
523	Berty	Bettles	bbettlesei@ow.ly	Helwan University
524	Clarice	Suston	csustonej@ehow.com	Universitas Islam Sultan Agung
525	Nikola	Olerenshaw	nolerenshawek@yellowbook.com	Gondar University
526	Celisse	Swatradge	cswatradgeel@webs.com	Illinois College of Optometry
527	Vasily	Gourdon	vgourdonem@reverbnation.com	University of Kabianga
528	Alexandros	Ashdown	aashdownen@amazonaws.com	Kuala Terengganu City Polytechnic
529	Hedi	Helks	hhelkseo@bloomberg.com	University of Winnipeg
530	Jordon	Cuncarr	jcuncarrep@so-net.ne.jp	Monterey Institute of International Studies
531	Lydie	Wapples	lwappleseq@netlog.com	Pan African Christian University College
532	Rebecca	Rutgers	rrutgerser@rakuten.co.jp	Polytechnic Ibadan
533	Gerard	Sydry	gsydryes@cdbaby.com	Universidad Internacional SEK, Quito
534	Pacorro	Gorthy	pgorthyet@mac.com	State University of New York College at Fredonia
535	Cleo	McSporon	cmcsporoneu@oaic.gov.au	Kharkiv National University of Economics
536	Paxton	Hay	phayev@shutterfly.com	University of Connecticut at Hartford
537	Ebba	Spinke	espinkeew@google.ru	PTPL College
538	Ikey	Maund	imaundex@de.vu	Smolensk Humanitarian University
539	Carrissa	Tonge	ctongeey@google.co.jp	Dalian Polytechnic University
540	Lemar	Grimsey	lgrimseyez@utexas.edu	Universitas Muhammadiyah Makassar
541	Tania	Godson	tgodsonf0@ibm.com	Indiana Institute of Technologyy
542	Lesya	Readwin	lreadwinf1@amazon.de	St. Petersburg State Conservatory
543	Myron	Filmer	mfilmerf2@nature.com	American Public University
544	Clarice	Peniman	cpenimanf3@typepad.com	Universität Bremen
545	Nada	McGrane	nmcgranef4@amazon.com	Katholische Fachhochschule Norddeutschland
546	Wilek	Sherred	wsherredf5@skyrock.com	Forest Institute of Professional Psychology
547	Griffith	Jerger	gjergerf6@businesswire.com	University of Dundee
548	Camille	Hearsum	chearsumf7@npr.org	Universitas Negeri Semarang
549	Bertram	Kwietak	bkwietakf8@vinaora.com	College of St. Catherine
550	Cordelia	Crucetti	ccrucettif9@sfgate.com	Igbinedion University
551	Jacobo	Le Hucquet	jlehucquetfa@reuters.com	Paier College of Art
552	Isaak	Lumsdale	ilumsdalefb@boston.com	University of Bristol
553	Duke	Meadmore	dmeadmorefc@wordpress.com	Universidad de Cuautitlan Izcalli
554	Ashly	Pawson	apawsonfd@hibu.com	"Instituto Nacional de Educación Física ""General Manuel Belgrano"""
555	Katey	Pinder	kpinderfe@yellowbook.com	Universidade São Francisco
556	Manuel	Lyven	mlyvenff@ebay.com	Avila College
557	Marie-ann	Thinn	mthinnfg@tumblr.com	Shiraz University
558	Welbie	Welch	wwelchfh@netvibes.com	Universidad Nacional del Sur
559	Deonne	Quilkin	dquilkinfi@earthlink.net	Bundelkhand University
560	Eleen	Tunnadine	etunnadinefj@myspace.com	Spertus Institute of Jewish Studies
561	Willamina	Molines	wmolinesfk@answers.com	Kunsthochschule Berlin-Weissensee, Hochschule für Gestaltung 
562	Zulema	Chudleigh	zchudleighfl@webs.com	Baikal National University of Economics and Law
563	Ingaberg	Hammarberg	ihammarbergfm@wufoo.com	Bethany College West Virginia
564	Aksel	Isaksen	aisaksenfn@miibeian.gov.cn	Wuxi University of Light Industry
565	Stevena	Pennycuick	spennycuickfo@dagondesign.com	Avinashilingam Institute for Home Science and Higher Education for Women
566	Dane	Fursey	dfurseyfp@facebook.com	Sultan Haji Ahmad Shah Polytechnic
567	Anthea	Ovey	aoveyfq@harvard.edu	Latvian Maritime Academy
568	Aindrea	Morrowe	amorrowefr@sourceforge.net	Universidad Católica Anselmo Llorente
569	Ado	Ballam	aballamfs@shareasale.com	Royal College of Art
570	Lanny	Dineges	ldinegesft@cnbc.com	Institut National Polytechnique de Toulouse
571	Ricardo	Cock	rcockfu@surveymonkey.com	Towson University
572	Marrissa	Jeans	mjeansfv@google.co.jp	Academy of Fine Arts
573	Waly	Alebrooke	walebrookefw@statcounter.com	Adler School of Professional Psychology
574	Sarine	Zecchini	szecchinifx@zdnet.com	Circleville Bible College
575	Griz	Buddock	gbuddockfy@adobe.com	Academy of Arts
576	Corbie	Hallin	challinfz@boston.com	College of Management
577	Oralie	Chappelle	ochappelleg0@constantcontact.com	Abilene Christian University
578	Rubina	Kupis	rkupisg1@usgs.gov	Red Sea University
579	Lorenzo	Shank	lshankg2@sphinn.com	Michigan Technological University
580	Kinsley	Itzkovwich	kitzkovwichg3@wix.com	University of Turin
581	Haley	Cuerda	hcuerdag4@geocities.jp	Universidade Estadual da Paraíba
582	Henka	Ingerfield	hingerfieldg5@unc.edu	Park College
583	Janelle	Stroyan	jstroyang6@multiply.com	St. Petersburg State University of Technology and Design
584	Davide	MacSweeney	dmacsweeneyg7@e-recht24.de	Yuan Ze University
585	Dean	Tschierasche	dtschierascheg8@wikia.com	Nippon Dental University
586	Ranice	Welband	rwelbandg9@symantec.com	Pikeville College
587	Olva	Jorger	ojorgerga@homestead.com	Boston Architectural Center
588	Alikee	Penhalewick	apenhalewickgb@wufoo.com	Universidade Estadual da Paraíba
589	Brett	Jouen	bjouengc@symantec.com	Andong National University
590	Norby	MacArthur	nmacarthurgd@typepad.com	Kyushu International University
591	Justis	Scoates	jscoatesge@baidu.com	Universidad Champagnat
592	Greta	Paradise	gparadisegf@nhs.uk	Universidad Nacional Autónoma de Honduras
593	Gabbie	O'Fallone	gofallonegg@printfriendly.com	Agricultural University of Norway
594	Virginia	Keyworth	vkeyworthgh@naver.com	National University
595	Sharai	Mitchener	smitchenergi@biglobe.ne.jp	Ecole Nationale d'Architecture
596	Brenn	Tubbles	btubblesgj@homestead.com	Drake University
597	Ivar	Behan	ibehangk@techcrunch.com	Regis University
598	Deanne	Borris	dborrisgl@hc360.com	Polytechnic of Namibia
599	Cyrille	O'Reilly	coreillygm@cdc.gov	Emanuel University
600	Ferrell	Given	fgivengn@zimbio.com	College in Sládkovičovo
601	Jenilee	Guillotin	jguillotingo@zdnet.com	Augustana Hochschule Neuendettelsau
602	Merwyn	Cunrado	mcunradogp@bing.com	Instituto Tecnologico de Minatitlan
603	Giacobo	Spore	gsporegq@geocities.jp	University of Moncton, Edmundston
604	Stavro	Garnson	sgarnsongr@goodreads.com	Pontificia Universidade Católica do Paraná
605	Kelwin	Rupke	krupkegs@theglobeandmail.com	University of Presov
606	Jemmie	Jasik	jjasikgt@toplist.cz	Universität Hildesheim
607	Ninnette	Gilbane	ngilbanegu@imdb.com	Universidad Técnica del Norte
608	Loraine	Greendale	lgreendalegv@psu.edu	Universidade do Estado do Rio Grande do Norte
609	Fay	O'Geneay	fogeneaygw@amazon.co.jp	"Universidad Laica ""Eloy Alfaro"" de Manabi"
610	Chloe	Loyns	cloynsgx@google.com	Liaquat University of Medical & Health Sciences Jamshoro
611	Haily	McGinty	hmcgintygy@gnu.org	St. Luke's College
612	Kitty	Dunmore	kdunmoregz@nbcnews.com	Yakutsk State University
613	Ilyse	Daubney	idaubneyh0@spotify.com	North Eastern Hill University
614	Bess	Davidy	bdavidyh1@google.fr	Dixie College
615	Taddeusz	Pauler	tpaulerh2@mac.com	Asahikawa Medical College
616	Mommy	Paddeley	mpaddeleyh3@oaic.gov.au	Universidade Vale do Rio Doce
617	Myrtice	Mitchelhill	mmitchelhillh4@berkeley.edu	Takhar University
618	Mel	Franken	mfrankenh5@google.es	Srinakharinwirot University
619	Dyana	Fidell	dfidellh6@msu.edu	Hannibal-Lagrange College
620	Stanleigh	Sergean	ssergeanh7@independent.co.uk	DeVry Institute of Technology, Pomona
621	Amelie	Martinie	amartinieh8@amazon.com	University of Northern Iowa
622	Maddie	Samples	msamplesh9@ft.com	Luhansk Taras Shevchenko National Pedagogical University
623	Valentine	Espinet	vespinetha@wisc.edu	National University of Ireland
624	Lonnard	Ellwand	lellwandhb@1und1.de	Bakht Er-Ruda University
625	Pammy	Dunwoody	pdunwoodyhc@redcross.org	National Dairy Research Institute
626	Rosabelle	Spoole	rspoolehd@edublogs.org	University of Alaska - Anchorage
627	Hugo	Gopsill	hgopsillhe@themeforest.net	 Dedan Kimathi University of Technology
628	Goldy	Bartaletti	gbartalettihf@bluehost.com	Wayne State College
629	Freemon	Phant	fphanthg@newyorker.com	Huron University College
630	Flin	Cooley	fcooleyhh@blogtalkradio.com	Xi'an Highway University
631	Grata	Spoor	gspoorhi@photobucket.com	Pedagogical University of Zielona Gora
632	Deni	Foucar	dfoucarhj@hud.gov	Arkansas State University, Beebe
633	Lonni	Laurance	llaurancehk@theatlantic.com	Netaji Subhas Inst of Technology
634	Gasper	Domelow	gdomelowhl@google.co.uk	Holy Apostles College
635	Hyacinthe	Antrag	hantraghm@uol.com.br	Barat College
636	Mary	Pennetti	mpennettihn@earthlink.net	Shanghai University of Science and Technology
637	Winnah	Tickle	wtickleho@businessinsider.com	Sri Lanka Institute of Advanced Technical Education
638	Vaughan	Gallehock	vgallehockhp@free.fr	Sagami Women's University
639	Hermione	Grisley	hgrisleyhq@ft.com	EMESCAM - Escola Superior de Ciências da Santa Casa de Misericórdia de Vitória
640	Kiri	McShane	kmcshanehr@ehow.com	Universidade Internacional Lisboa
641	Maddi	Pasquale	mpasqualehs@domainmarket.com	New York Chiropractic College
642	Vidovic	Demange	vdemangeht@independent.co.uk	University of Bohol
643	Aharon	MacCole	amaccolehu@utexas.edu	Memphis College of Art
644	Ernestine	De Mitri	edemitrihv@disqus.com	London Guildhall University
645	Jackqueline	Andrejs	jandrejshw@histats.com	Adams State College
646	Paola	Makey	pmakeyhx@cdc.gov	Ludwik Solski State Academy of Theatre in Cracow
647	Anallese	Need	aneedhy@a8.net	Hebron University
648	Edgar	O' Byrne	eobyrnehz@lulu.com	Brussels School of International Studies
649	Camellia	Ballendine	cballendinei0@spiegel.de	Universidad Popular de Nicaragua (UPONIC)
650	Franky	MacDonogh	fmacdonoghi1@addthis.com	Indira Gandhi Agricultural University
651	Justinn	Guyon	jguyoni2@discovery.com	Jordan University of Science and Technology
652	Daphne	Stoneham	dstonehami3@washingtonpost.com	Yamanashi University
653	Tallou	Brombell	tbrombelli4@google.cn	Shanghai Television University
654	Morlee	Baden	mbadeni5@sciencedaily.com	Kuwait International Law School
655	Domini	Cartmell	dcartmelli6@google.fr	The Achievers University
656	Doug	Mahady	dmahadyi7@domainmarket.com	University of Debrecen 
657	Donia	Privett	dprivetti8@free.fr	Kansai Gaidai University
658	Leoline	Conrath	lconrathi9@prweb.com	Tyumen State Agricultural Academy
659	Abdel	Deary	adearyia@eepurl.com	Kent State University
660	Nerti	Tripp	ntrippib@free.fr	University of Queensland
661	Boothe	Jordison	bjordisonic@boston.com	Tamil Nadu Veterinary and Animal Sciences University
662	Byram	Chappel	bchappelid@exblog.jp	Virginia Polytechnic Institute and State University (Virginia Tech)
663	Isidoro	Novichenko	inovichenkoie@marriott.com	Kunsan National University
664	Lynnette	Littleproud	llittleproudif@prlog.org	Jai Narayan Vyas University
665	Iain	Boxen	iboxenig@dmoz.org	Universidad de Cantabria
666	Ardath	Irvin	airvinih@archive.org	Universidad Central del Valle del Cauca
667	Charyl	Cast	ccastii@go.com	Chongqing Education College
668	Meggie	Redmond	mredmondij@yahoo.co.jp	Jatiya Kabi Kazi Nazrul Islam University
669	Adria	Stitch	astitchik@dell.com	Universidade Braz Cubas
670	Marve	Pleass	mpleassil@artisteer.com	Marymount University
671	Joyous	McIlwreath	jmcilwreathim@trellian.com	Instituto Politécnico Nacional, Campus Guanajuato
672	Domini	Kleehuhler	dkleehuhlerin@google.ca	Toyo Gakuen University
673	Gib	Szanto	gszantoio@berkeley.edu	United States Naval Academy
674	Christiane	Semour	csemourip@cisco.com	Ecole Supérieure de Chimie Physique Electronique de Lyon
675	Julina	Parkinson	jparkinsoniq@msn.com	Detroit College of Business - Flint
676	Pieter	Broe	pbroeir@prweb.com	National Institute of the Arts
677	Beatrice	Hasley	bhasleyis@photobucket.com	Gulbarga University
678	Nathanial	Chesnut	nchesnutit@google.es	 Technological University (Yangon)
679	Patrizio	McFetridge	pmcfetridgeiu@weather.com	John Marshall Law School
680	Andeee	McAvaddy	amcavaddyiv@disqus.com	Denver Paralegal Institute
681	Consalve	Commusso	ccommussoiw@yellowbook.com	Tenri University
682	Nicky	Pinard	npinardix@dailymotion.com	B. R. Ambedkar Bihar University
683	Bary	Harty	bhartyiy@un.org	University of Lusaka
684	Brian	Josefsohn	bjosefsohniz@blinklist.com	Université Chouaib Doukkali
685	Bunnie	Dorracott	bdorracottj0@4shared.com	Fachhochschule Kaiserslautern
686	Lib	Seaman	lseamanj1@clickbank.net	Asian Institute of Technology
687	Husein	Philbrook	hphilbrookj2@friendfeed.com	Agricultural University of Georgia
688	Alexina	Verrall	averrallj3@bbb.org	Nara University of Education
689	Norine	Elcox	nelcoxj4@lulu.com	COMSATS Institute of Information Technology, Attock
690	Yuri	O'Noulane	yonoulanej5@globo.com	Universidad México Internacional
691	Jamill	Mallindine	jmallindinej6@myspace.com	Guangxi University for Nationalities
692	Mason	Reneke	mrenekej7@gov.uk	University of South Carolina - Aiken
693	Percy	Pyatt	ppyattj8@facebook.com	Universidad de Ciencias Aplicadas y Ambientales (UDCA)
694	Ody	Edwicker	oedwickerj9@guardian.co.uk	College of Mount St. Vincent
695	Gertrude	O'Kielt	gokieltja@timesonline.co.uk	Spring Hill College
696	Wandis	Westmacott	wwestmacottjb@adobe.com	University of Akron
697	Doris	Tumioto	dtumiotojc@blog.com	Iran University of Medical Sciences
698	Lorenzo	Bilsland	lbilslandjd@1688.com	Xinjiang Normal University
699	Karena	Lovat	klovatje@nbcnews.com	Florida Metropolitan University, Tampa College Brandon
700	Bondon	Whopples	bwhopplesjf@mtv.com	Evergreen State College
701	Brion	Harnell	bharnelljg@apache.org	Université Libre de Tunis
702	Shay	Crathorne	scrathornejh@altervista.org	Zhezkazgan Baikonurov University
703	Mead	Dargie	mdargieji@live.com	Madonna University
704	Beale	Itzhaki	bitzhakijj@blogger.com	University of Pitesti
705	Chrotoem	Fearnall	cfearnalljk@foxnews.com	Milligan College
706	Edithe	Keyden	ekeydenjl@freewebs.com	School of Pharmacy, University of London
707	Bianca	Wallentin	bwallentinjm@cpanel.net	New York School of Interior Design
708	Kelley	Winsiowiecki	kwinsiowieckijn@miitbeian.gov.cn	Janos Selye University
709	Cass	Moyce	cmoycejo@ed.gov	Ateneo de Naga University
710	Binnie	Train	btrainjp@blog.com	Ferdowsi University of Mashhad
711	Bartram	Chopin	bchopinjq@google.it	Dr. Babasaheb Ambedkar Technological University
712	Becka	Erett	berettjr@noaa.gov	Hokkaido University of Health Sciences
713	Vania	Merill	vmerilljs@accuweather.com	University of the South Pacific
714	Stern	Brickett	sbrickettjt@ycombinator.com	Nepal Sanskrit University
715	Ralph	Nutkins	rnutkinsju@noaa.gov	Hartford Graduate Center (Rensselaer at Hartford)
716	Marley	Coot	mcootjv@is.gd	University of Education Hradec Kralove
717	Antonina	Mackleden	amackledenjw@ca.gov	Omsk State Medicical Academy
718	Nelly	Devine	ndevinejx@vkontakte.ru	Institute of Teachers Education, Temenggong Ibrahim
719	Stefa	Grummitt	sgrummittjy@clickbank.net	Cleary College
720	Barret	Tuppeny	btuppenyjz@netscape.com	Baghdad College of Economic Sciences University
721	Fernandina	Roller	frollerk0@jigsy.com	University of Fribourg
722	Arabelle	Messham	amesshamk1@canalblog.com	National University of Singapore
723	Adolpho	Heintzsch	aheintzschk2@vk.com	University of Galatzi
724	Paulie	Casiero	pcasierok3@cdc.gov	Universidad Nacional de Villa María
725	Jeannie	Sullens	jsullensk4@zimbio.com	Bule Hora  University
726	Adelaida	Tedder	atedderk5@livejournal.com	Islamic Azad University, Gorgan
727	Diana	Norwood	dnorwoodk6@msu.edu	Otani University
728	Georgi	Adkins	gadkinsk7@baidu.com	Suwon University
729	Rickie	Cunniam	rcunniamk8@hexun.com	Heilongjiang University
730	Carlynne	Riolfo	criolfok9@intel.com	Southern Medial University
731	Ray	MacSherry	rmacsherryka@prnewswire.com	St. Marianna University School of Medicine
732	Gloriane	Dinkin	gdinkinkb@de.vu	Takestan Islamic Azad University
733	Gary	Paz	gpazkc@barnesandnoble.com	Kabardino-Balkarian State University
734	Banky	Petric	bpetrickd@google.com.au	Mount Mercy College
735	Marga	Lafrentz	mlafrentzke@yahoo.co.jp	Université de Technologie de Compiègne
736	Rorie	Cline	rclinekf@abc.net.au	Technical University of Koszalin
737	Klement	Penhalewick	kpenhalewickkg@google.nl	Instituto Politécnico de Viana do Castelo
738	Teddy	Piburn	tpiburnkh@bloomberg.com	National Formosa University
739	Tiffie	Sambidge	tsambidgeki@newyorker.com	Biju Pattnaik University of Technology
740	Alexina	Bonnar	abonnarkj@free.fr	Universidad Interamericana de Puerto Rico, San Germán
741	Madelin	Paradine	mparadinekk@fotki.com	Université Montesquieu (Bordeaux IV)
742	Had	Biglin	hbiglinkl@unicef.org	Tennessee Wesleyan College
743	Maurice	Lavallin	mlavallinkm@51.la	Auckland University of Technology
744	Javier	Spawton	jspawtonkn@thetimes.co.uk	Anhui University
745	Blaire	Foulis	bfoulisko@ebay.com	Changchun Teachers College
746	Crissie	Cicconetti	ccicconettikp@scribd.com	Baltimore International College
747	Byran	Sokell	bsokellkq@marketwatch.com	Universidade de Itaúna
748	Moria	Doohan	mdoohankr@imdb.com	Universitas Pendidikan Indonesia
749	Evin	Anniwell	eanniwellks@ox.ac.uk	University of East Asia
750	Ricoriki	Passe	rpassekt@ocn.ne.jp	Peking University
751	Willy	Battell	wbattellku@mayoclinic.com	Heilongjiang August 1st Reclamation University
752	Odo	Doogue	odooguekv@wufoo.com	Montreat College
753	Baryram	Cundy	bcundykw@google.de	Myongji University
754	Guido	Schulken	gschulkenkx@yahoo.co.jp	God's Bible School and College
755	Witty	Delany	wdelanyky@opera.com	Universidad José Antonio Páez
756	Humphrey	Deason	hdeasonkz@storify.com	University of New Orleans
757	Aubree	Fautley	afautleyl0@ucoz.ru	Université de Sfax
758	Stephannie	Frome	sfromel1@marriott.com	Institut National des Sciences Appliquées de Rouen
759	Quinton	Magor	qmagorl2@mtv.com	University of Karachi
760	Silvain	Handforth	shandforthl3@tripod.com	Tokyo Women's Medial College
761	Berrie	Selbach	bselbachl4@bloglines.com	Cambodia University of Specialties
762	Tamarah	Wolfers	twolfersl5@unblog.fr	Instituto Superior de Línguas e Administração
763	Cynde	Dougary	cdougaryl6@independent.co.uk	Lakeview College of Nursing
764	Aundrea	Fenwick	afenwickl7@cornell.edu	Aichi Sangyo University
765	Tracie	Canner	tcannerl8@ebay.co.uk	University of Dallas
766	Emmett	Beamiss	ebeamissl9@google.de	Koriyama Women's University and College
767	Fredek	Povlsen	fpovlsenla@nbcnews.com	Universidad Nacional de Rosario
768	Janaya	Donativo	jdonativolb@phoca.cz	Bermuda College
769	Parry	Revell	prevelllc@comcast.net	University of South Africa
770	Derwin	Lannon	dlannonld@sitemeter.com	Technical University of Radom
771	Paulie	Studholme	pstudholmele@wunderground.com	University of Dubrovnik
772	Timoteo	Wharfe	twharfelf@rambler.ru	Langston University
773	Eliot	Raraty	eraratylg@zimbio.com	Jagannath University
774	Antons	Thomke	athomkelh@toplist.cz	Flinders University of South Australia
775	Una	Self	uselfli@jigsy.com	Eritrea Institute of Technology
776	Casey	Warrack	cwarracklj@intel.com	Ufa State Petroleum Technological University
777	Angelica	McQuarter	amcquarterlk@deliciousdays.com	Yokohama National University
778	Aili	Cunney	acunneyll@desdev.cn	Universidad Nacional San Luis Gonzaga
779	Aileen	MacCostigan	amaccostiganlm@columbia.edu	Saigon University
780	Hilario	Moss	hmossln@usatoday.com	Saint George's Hospital Medical School, University of London
781	Heath	Fewtrell	hfewtrelllo@jalbum.net	Józef Tyszkiewicz College of Business and Computer Science in Bielsko-Biala
782	Page	Garie	pgarielp@canalblog.com	Université de Perpignan
783	Dulcy	McLevie	dmclevielq@tumblr.com	Galillee College
784	Jecho	Hethron	jhethronlr@bigcartel.com	Universidad de Oriente
785	Keith	Chaim	kchaimls@netvibes.com	Universidad Chapultepéc
786	Luce	Janaway	ljanawaylt@trellian.com	Police Academy
787	Vivianna	Shercliff	vsherclifflu@nytimes.com	Philippine Women's University
788	Elka	Scotchmoor	escotchmoorlv@cafepress.com	University of Turku
789	Karita	Valente	kvalentelw@domainmarket.com	University of Seychelles - American Institute of Medicine
790	Abelard	Dewick	adewicklx@businessinsider.com	State University of New York College of Technology at Farmingdale
791	Barnard	Muino	bmuinoly@google.nl	University of California, San Francisco
792	Karol	Abernethy	kabernethylz@slashdot.org	Southwest Missouri State University - West Plains
793	Katine	McCaughey	kmccaugheym0@auda.org.au	Xiangtan Normal University
794	Gretel	Richardsson	grichardssonm1@alexa.com	Universidad Católica de Salta
795	Boy	Bennallck	bbennallckm2@ox.ac.uk	HWP - Hamburger Universität für Wirtschaft und Politik
796	Phillipp	Taborre	ptaborrem3@hud.gov	Missouri Southern State College
797	Deane	Ashfold	dashfoldm4@si.edu	Sanyo Gakuen University
798	Olivie	Kimmerling	okimmerlingm5@indiatimes.com	Warnborough University
799	Giff	Dewdeny	gdewdenym6@icq.com	Yüzüncü Yil (Centennial) University
800	Mildred	Draco	mdracom7@nytimes.com	Universität Potsdam
801	Kingsly	Kelley	kkelleym8@webmd.com	Technical University of Cluj-Napoca
802	Sheelah	Lautie	slautiem9@nature.com	Saskatchewan Indian Federated College
803	Yasmeen	Stearn	ystearnma@usnews.com	Miyazaki Municipal University
804	Adina	Reimer	areimermb@a8.net	Qingdao University of Science and Technology
805	Merrick	McSkeagan	mmcskeaganmc@blogtalkradio.com	Sabzevar School of Medical Sciences
806	Glendon	Sibthorp	gsibthorpmd@gmpg.org	Kar University
807	Hortense	Pues	hpuesme@1und1.de	City University of New York, School of Law at Queens College
808	Caressa	Rediers	crediersmf@newyorker.com	Universidad Católica San Antonio
809	Briny	Apedaile	bapedailemg@is.gd	Universidade Vale do Rio Doce
810	Benson	Meekin	bmeekinmh@nhs.uk	Universidad Francisco de Vitoria
811	Thedrick	Brettle	tbrettlemi@addtoany.com	Universidad Interamericana de Puerto Rico
812	Sheree	Boscott	sboscottmj@weibo.com	"Universidad Argentina ""John F. Kennedy"""
813	Hakim	Ramirez	hramirezmk@cnet.com	Universitas 17 Agustus 1945 Samarinda
814	Sibilla	MattiCCI	smatticciml@dion.ne.jp	Osaka Shoin Women's College
815	Edwin	Algeo	ealgeomm@yellowbook.com	Hiroshima Shudo University
816	Wrennie	Bonanno	wbonannomn@globo.com	Xavier University
817	Nicola	Callister	ncallistermo@slate.com	Lund University
818	Chloette	McClure	cmccluremp@dedecms.com	Aichi Prefectural University
819	Aggie	Vinker	avinkermq@google.pl	North-West State Technical University
820	Jacquelin	Fullylove	jfullylovemr@ca.gov	Université de Pau et des Pays de l'Adour
821	Trip	Bumphries	tbumphriesms@wunderground.com	Amirkabir College of Managmant & Technology
822	Georgina	Manjin	gmanjinmt@delicious.com	Nilai University College
823	Rosco	Whyke	rwhykemu@about.com	Universidade Vale do Paraiba
824	Sigismundo	Bowler	sbowlermv@salon.com	Carson-Newman College
825	Pooh	Hazley	phazleymw@dion.ne.jp	Universitas Ibn Khaldun Bogor
826	Kelley	Tregenna	ktregennamx@gmpg.org	Hankuk University of Foreign Studies
827	Christin	Bendelow	cbendelowmy@whitehouse.gov	Sendai University
828	Feliks	Proudler	fproudlermz@apache.org	Mustafa Kemal University
829	Bent	Dumbare	bdumbaren0@google.pl	Universidad José Maria Vargas
830	Marjory	Aspell	maspelln1@discovery.com	Ivanovo State Textile Academy
831	Brocky	Matley	bmatleyn2@tripadvisor.com	Galillee College
832	Velvet	Fucher	vfuchern3@istockphoto.com	Zhejiang University of Technology
833	Gwen	Skalls	gskallsn4@zimbio.com	Sher-E-Kashmir University of Agricultural Sciences and Technology
834	Pascale	Balthasar	pbalthasarn5@wired.com	Universiti Tenaga Nasional
835	Nelie	Wixey	nwixeyn6@tuttocitta.it	University of Queensland
836	Fredia	Ealden	fealdenn7@shutterfly.com	Rochester Institute of Technology, Dubai
837	Yetta	Sculley	ysculleyn8@shareasale.com	Centro Universitario Ciudad Vieja
838	Lind	Wistance	lwistancen9@slideshare.net	University of North Texas Health Science Center at Fort Worth
839	La verne	Denerley	ldenerleyna@google.com.br	Maltepe University
840	Cassandry	de Werk	cdewerknb@wp.com	Westsächsische Hochschule Zwickau (FH)
841	Winnie	Shier	wshiernc@parallels.com	Universidad Autónoma del Estado de México
842	Flory	Branni	fbrannind@chron.com	Sakarya University
843	Kinny	Braysher	kbraysherne@si.edu	Frank Lloyd Wright School of Architecture
844	Damien	Tschirschky	dtschirschkynf@ed.gov	Tomsk State Pedagogical University
845	Manfred	Challicum	mchallicumng@flickr.com	Concordia College, Seward
846	Rogers	Jouanny	rjouannynh@google.de	Lucerne University of Applied Sciences and Arts 
847	Amy	Pachmann	apachmannni@state.gov	Universidad Técnica de Oruro
848	Merv	Balaizot	mbalaizotnj@1688.com	Selangor Islamic University College
849	Olga	Elnor	oelnornk@nature.com	Universiti Malaysia Perlis
850	Obadiah	Hargey	ohargeynl@booking.com	Université du Burundi
851	Fredric	Torrecilla	ftorrecillanm@fc2.com	Ilsa Independent College
852	Stearne	Bothie	sbothienn@liveinternet.ru	Islamic Azad University, Varamin
853	Elton	Skaife d'Ingerthorpe	eskaifedingerthorpeno@shop-pro.jp	Université Senghor d'Alexandrie
854	Courtnay	Gittoes	cgittoesnp@elpais.com	Gwangju Catholic College
855	Olvan	Doudny	odoudnynq@kickstarter.com	The Bahá'í Institute For Higher Education (BIHE)
856	Brent	Bellee	bbelleenr@scribd.com	Osaka Prefectural University
857	Astrid	L'Archer	alarcherns@linkedin.com	University of Montevallo
858	Carrie	Riddall	criddallnt@wiley.com	Necmettin Erbakan University
859	Andreana	Lamlin	alamlinnu@pbs.org	University of LaVerne in Athens
860	Jonell	Merwood	jmerwoodnv@theglobeandmail.com	University of Papua New Guinea
861	Bucky	McNab	bmcnabnw@comcast.net	Northwest Christian College
862	Gerti	Ferriman	gferrimannx@nydailynews.com	Universidad de Valparaiso
863	Annecorinne	Croney	acroneyny@slideshare.net	"Universidad Tecnológica del Choco ""Diego Luis Cordoba"""
864	Maire	Dibling	mdiblingnz@rakuten.co.jp	Himachal Pradesh Agricultural University
865	Flory	Parlett	fparletto0@deliciousdays.com	Moscow State University of Culture
866	Sherm	Mullineux	smullineuxo1@berkeley.edu	Texas A&M University - Texarkana
867	D'arcy	Tripe	dtripeo2@is.gd	Ferris University
868	Jimmy	Storr	jstorro3@discovery.com	Deutsch-Ordens Fachhochschule Riedlingen, Hochschule für Wirtschaft
869	Jock	Snarr	jsnarro4@virginia.edu	University of Lucknow
870	Lloyd	Brookz	lbrookzo5@jiathis.com	Chaudhary Charan Singh University
871	Linette	Quidenham	lquidenhamo6@sogou.com	Union Theological Seminary (UTS)
872	Annetta	Brisker	abriskero7@comcast.net	Amrita Vishwa Vidyapeetham (Deemed University)
873	Kippie	St. Hill	ksthillo8@latimes.com	Doshisha Women's College of Liberal Arts
874	Garfield	Aulds	gauldso9@huffingtonpost.com	Central Mindanao University
875	Kacie	Vynoll	kvynolloa@scribd.com	Jissen Women's University
876	Hatty	MacAskie	hmacaskieob@princeton.edu	Continental Theological Seminary
877	Hildagarde	Tremaine	htremaineoc@google.com.hk	Razi University
878	Rudie	Byles	rbylesod@nih.gov	Senshu University
879	Chaunce	Bodimeade	cbodimeadeoe@angelfire.com	Indira Gandhi Institute of Development and Research
880	Leann	Kitt	lkittof@skyrock.com	Fundación Universitaria de Boyacá
881	Risa	MacTurlough	rmacturloughog@epa.gov	Shanghai Ouhua Vocational Technical College
882	Drucie	Chazelle	dchazelleoh@comcast.net	Ecole Nationale Supérieure de Chimie de Lille
883	Merissa	Plowes	mplowesoi@vimeo.com	University of Agriculture Faisalabad
884	Avril	Haggarty	ahaggartyoj@virginia.edu	Lenoir-Rhyne College
885	Victoria	Robion	vrobionok@list-manage.com	Troy University, Phenix City
886	Rodie	Lashmore	rlashmoreol@nifty.com	Washington University in St. Louis
887	Adlai	Bodicum	abodicumom@cpanel.net	Konyang University
888	Neila	De Zamudio	ndezamudioon@marriott.com	Royal University of Fine Arts
889	Noel	O'Sharry	nosharryoo@chron.com	Otto-Friedrich Universität Bamberg
890	Danny	Sigmund	dsigmundop@instagram.com	Institute of Textile Technology
891	Desmund	Helian	dhelianoq@ocn.ne.jp	Southwest University of Science and Technology
892	Tallulah	Johananoff	tjohananoffor@weather.com	Université de Ouagadougou
893	Vinita	Sawle	vsawleos@walmart.com	Christian Theological Academy in Warszaw
894	Boniface	Mitskevich	bmitskevichot@wikispaces.com	Czech University of Agriculture Prague
895	Alexandros	Archibald	aarchibaldou@twitter.com	University of Urbino
896	Minette	Rambaut	mrambautov@people.com.cn	National University of Samoa
897	Ruperto	Offell	roffellow@wikimedia.org	University of South Carolina - Beaufort
898	Maxine	Laffan	mlaffanox@google.pl	Assam University
899	Kienan	Matuszak	kmatuszakoy@ihg.com	Khmelnitsky National University
900	Herb	Paver	hpaveroz@drupal.org	Oregon College of Arts and Crafts
901	Layney	Ewbank	lewbankp0@slashdot.org	Vrije Universiteit Brussel
902	Cherye	Jurczyk	cjurczykp1@tumblr.com	Universidad Nacional de General Sarmiento
903	Briano	Videan	bvideanp2@jigsy.com	Gallaudet University
904	Nat	Mithun	nmithunp3@seattletimes.com	Osaka University of Commerce
905	Ginelle	Domnick	gdomnickp4@marriott.com	Wayo Women's University
906	Ayn	Gaymer	agaymerp5@friendfeed.com	Shanghai Second Polytechnic University
907	Lauren	Aires	lairesp6@fda.gov	Dalian Medical University
908	Hailey	Dood	hdoodp7@mashable.com	Universidad de Concepción del Uruguay
909	Inesita	Garaghan	igaraghanp8@illinois.edu	Seton Hall University
910	Decca	Lening	dleningp9@mtv.com	Notre Dame of Marbel University
911	Wileen	Pote	wpotepa@si.edu	Mid-Sweden University
912	Almeta	Jacobssen	ajacobssenpb@sbwire.com	Dubai Pharmacy College
913	Chick	Dreghorn	cdreghornpc@simplemachines.org	Lesley University
914	Mace	Tumilson	mtumilsonpd@is.gd	"Universidad Nacional Experimental ""Francisco de Miranda"""
915	Glad	Height	gheightpe@tmall.com	University of California, Merced
916	Phillipp	Huddles	phuddlespf@soundcloud.com	Shri Lal Bahadur Shastri Rashtriya Sanskrit Vidyapeetha
917	Kerk	Swanbourne	kswanbournepg@w3.org	Saito College
918	Bessie	Lukock	blukockph@samsung.com	Youngstown State University
919	Nevin	Cockings	ncockingspi@sun.com	Misamis University
920	Olvan	Jedrzejewicz	ojedrzejewiczpj@miitbeian.gov.cn	Nilai University College
921	Otes	Belding	obeldingpk@sourceforge.net	Pontificia Università S. Tommaso
922	Dusty	Nye	dnyepl@newsvine.com	Universidad Americana
923	Fredelia	Casbourne	fcasbournepm@dyndns.org	University of Jan Evangelista Purkyne
924	Alma	Sante	asantepn@amazon.de	Saratov State Agrarian University
925	Althea	Blowen	ablowenpo@uiuc.edu	Franklin Pierce College
926	Lindsey	Ilyasov	lilyasovpp@livejournal.com	Centro de Estudios Universitarios Monterrey
927	Evangelina	Gwyther	egwytherpq@ehow.com	University of Food Technology
928	Standford	Griffin	sgriffinpr@senate.gov	Sweet Briar College
929	Cleve	Dawidowitsch	cdawidowitschps@dropbox.com	Presbyterian University College
930	Erda	Schorah	eschorahpt@themeforest.net	Center for Humanistic Studies
931	Brandea	Ducroe	bducroepu@nsw.gov.au	Universidad Iberoamericana de Ciencias y Tecnologia
932	Salvatore	Obispo	sobispopv@yahoo.co.jp	Universidade Cruzeiro do Sul
933	Chalmers	Tattersill	ctattersillpw@github.com	Universidad Internacional de las Américas
934	Persis	Ivanin	pivaninpx@examiner.com	Universidad Central Dominicana de Estudio Profesionales
935	Alysa	Grinyakin	agrinyakinpy@squarespace.com	Fachhochschule Hannover
936	Marlyn	Brownsea	mbrownseapz@google.ru	Shikoku Christian College
937	Vinita	Birkby	vbirkbyq0@parallels.com	Zhengzhou University of Technology
938	Cody	Lakin	clakinq1@eepurl.com	New College of Florida
939	Florry	Pollastrone	fpollastroneq2@i2i.jp	University of Kuopio
940	Annnora	Farndon	afarndonq3@plala.or.jp	Toyama Medical and Pharmaceutical University
941	Tamara	Stobo	tstoboq4@va.gov	International University of Travnik
942	Shaun	Paulsson	spaulssonq5@weather.com	University of Strathclyde
943	Juli	Blewett	jblewettq6@prnewswire.com	Universitas Muhammadiyah Surakarta
944	Tobin	Birds	tbirdsq7@desdev.cn	Shiraz University
945	Sybil	Sandever	ssandeverq8@unesco.org	Dalian Martime University
946	Dun	D'Cruze	ddcruzeq9@shinystat.com	James Madison University
947	Celka	Marmon	cmarmonqa@goo.ne.jp	Fachhochschule Mannheim, Hochschule für Technik und Gestaltung
948	Mattie	Dresser	mdresserqb@stumbleupon.com	Stockholm School of Economics
949	Ulric	Taffrey	utaffreyqc@cnet.com	Fairfield University
950	Laura	Tuley	ltuleyqd@biglobe.ne.jp	Technical University of Civil Engineering Bucharest
951	Gertrudis	Loudon	gloudonqe@infoseek.co.jp	Institut Armand-Frappier, Université du Québec
952	Monika	Gabbidon	mgabbidonqf@disqus.com	Mahsa University College for Health and Medical Science
953	Kiah	Middleweek	kmiddleweekqg@google.it	Tel Aviv University
954	Joana	Cleave	jcleaveqh@joomla.org	Universidad de Nariño
955	Madeleine	Tommeo	mtommeoqi@mysql.com	Valahia University of Targoviste
956	Devlen	Gott	dgottqj@wikispaces.com	Tsinghua University
957	Gwenny	Canet	gcanetqk@ucoz.com	Bethany College Kansas
958	Sashenka	Aronowicz	saronowiczql@google.ru	Mamasani University of Technology
959	Romeo	Akenhead	rakenheadqm@xrea.com	Australian Correspondence Schools
960	Waite	Besse	wbesseqn@youtube.com	Universidad Alfonso X El Sabio
961	Drew	Munsey	dmunseyqo@ning.com	Southern University Bangladesh
962	Lolita	Jeness	ljenessqp@webnode.com	ITT Technical Institute Maitland
963	Wilburt	Waddam	wwaddamqq@jugem.jp	North China Electric Power University
964	Bethanne	Kitchingham	bkitchinghamqr@addthis.com	Rajshahi University of Engineering and Technology
965	Krystal	Gallagher	kgallagherqs@amazon.co.jp	National University of Kaohsiung
966	Kerry	Acors	kacorsqt@adobe.com	Gaziantep University
967	Toni	Bernardi	tbernardiqu@narod.ru	Al Ahlia University
968	Foster	Langrish	flangrishqv@symantec.com	Northern Virginia Community College
969	Aurel	Leggen	aleggenqw@sciencedaily.com	University of California System
970	Alfy	Hrishchenko	ahrishchenkoqx@hp.com	Centro de Estudios Universitarios Monterrey
971	Trix	Budgen	tbudgenqy@yolasite.com	Cleveland Institute of Art
972	Micheal	de Najera	mdenajeraqz@home.pl	Baker College of Port Huron
973	Lusa	Vizor	lvizorr0@mozilla.com	Universidad de Los Llanos
974	Avrom	Bunclark	abunclarkr1@youtu.be	Ecole des Hautes Etudes Commerciales
975	Hartwell	Mallinar	hmallinarr2@craigslist.org	Kobe Shoin Women's University
976	Stanly	Carous	scarousr3@shutterfly.com	Husson College
977	Madelina	Ickov	mickovr4@prnewswire.com	Orenburg State University
978	Bessie	Waith	bwaithr5@si.edu	Engineering Colleges in Tamil Nadu
979	Dominica	Agneau	dagneaur6@simplemachines.org	Prince Sultan College for Tourism and Hotel Scinces
980	Fannie	Vassano	fvassanor7@printfriendly.com	University of Resita
981	Starla	Dossantos	sdossantosr8@jimdo.com	University of Ghana
982	Alia	Hanrott	ahanrottr9@blogs.com	University of Tampere
983	Erma	Smittoune	esmittounera@fc2.com	Hebrew College
984	Winnifred	Benedit	wbeneditrb@blog.com	Syrian International Private University for Science & Technology
985	Hammad	Kalisch	hkalischrc@psu.edu	Technische Universität München
986	Renault	Glavin	rglavinrd@webs.com	California Polytechnic State University - San Luis Obispo
987	Emanuele	Welbelove	ewelbelovere@arizona.edu	Emporia State University
988	Wesley	Hatliff	whatliffrf@ocn.ne.jp	Universidad Simón Bolivar
989	Alexi	Winmill	awinmillrg@miitbeian.gov.cn	Nipissing University
990	Gussi	Schultze	gschultzerh@amazon.co.jp	Universidad Católica Boliviana, Santa Cruz
991	Marc	Sheering	msheeringri@istockphoto.com	College of Science, Baghdad University
992	Harper	Dumphy	hdumphyrj@aol.com	International University in Geneva
993	Bernadina	Welchman	bwelchmanrk@amazon.co.uk	Ho Chi Minh City University of Architecture
994	Ivar	Adame	iadamerl@tiny.cc	Fachhochschule Ulm, Hochschule für Technik
995	Yankee	Yurchishin	yyurchishinrm@guardian.co.uk	Seokyeong University
996	Lucien	Mussettini	lmussettinirn@youtube.com	Russian State Geological Prospecting University 
997	Ethelbert	Dradey	edradeyro@hatena.ne.jp	Swedish School of Economics and Business Administration, Finland
998	Myrta	Veazey	mveazeyrp@multiply.com	South China Agricultural University
999	Gilberta	Willshee	gwillsheerq@google.com.au	Utah State University
1000	Pattie	Dodson	pdodsonrr@domainmarket.com	Alaska Pacific University
